{
  "best_config": {
    "hidden_layer_sizes": [
      32
    ],
    "activation": "relu",
    "alpha": 0.01,
    "learning_rate": "adaptive",
    "learning_rate_init": 0.001,
    "max_iter": 1500,
    "early_stopping": true,
    "validation_fraction": 0.2,
    "n_iter_no_change": 20,
    "random_state": 42
  },
  "best_cv_score": 0.6250153985448103,
  "cv_results": [
    {
      "config": 1,
      "architecture": "(16,)",
      "activation": "relu",
      "alpha": 0.01,
      "mean_f1": 0.3132522756168267,
      "std_f1": 0.07048197454003267,
      "scores": [
        0.21553884711779447,
        0.3791567909214968,
        0.3450611888111888
      ]
    },
    {
      "config": 2,
      "architecture": "(32,)",
      "activation": "relu",
      "alpha": 0.01,
      "mean_f1": 0.6250153985448103,
      "std_f1": 0.1196389696316366,
      "scores": [
        0.712059182647418,
        0.7071428571428571,
        0.45584415584415583
      ]
    },
    {
      "config": 3,
      "architecture": "(24, 12)",
      "activation": "tanh",
      "alpha": 0.005,
      "mean_f1": 0.3143446157481245,
      "std_f1": 0.1595639587067993,
      "scores": [
        0.09142857142857143,
        0.39543302701197436,
        0.4561722488038278
      ]
    }
  ],
  "n_training_videos": 62,
  "cv_folds": 3,
  "final_accuracy": 0.4375,
  "final_f1": 0.40079365079365076,
  "confusion_matrix": [
    [
      2,
      2,
      1
    ],
    [
      0,
      4,
      1
    ],
    [
      2,
      3,
      1
    ]
  ],
  "classification_report": "              precision    recall  f1-score   support\n\n    forcejeo       0.50      0.40      0.44         5\n     merodeo       0.44      0.80      0.57         5\n      normal       0.33      0.17      0.22         6\n\n    accuracy                           0.44        16\n   macro avg       0.43      0.46      0.41        16\nweighted avg       0.42      0.44      0.40        16\n",
  "test_predictions": [
    1,
    0,
    0,
    1,
    2,
    1,
    2,
    1,
    1,
    1,
    0,
    1,
    1,
    1,
    0,
    2
  ],
  "test_probabilities": [
    [
      0.0,
      1.0,
      0.0
    ],
    [
      0.3896529920781134,
      0.2257821684836493,
      0.38456483943823744
    ],
    [
      0.5445734145676357,
      0.34866266050769307,
      0.1067639249246712
    ],
    [
      0.08363131313036096,
      0.8780551867175413,
      0.03831350015209776
    ],
    [
      0.27849251722818036,
      0.16760583457164488,
      0.5539016482001747
    ],
    [
      0.44029783804767075,
      0.5592445988660575,
      0.00045756308627183757
    ],
    [
      0.24902296638886037,
      0.057603319715146914,
      0.6933737138959927
    ],
    [
      0.12383273138503888,
      0.441446360474416,
      0.43472090814054515
    ],
    [
      0.0,
      1.0,
      0.0
    ],
    [
      0.27496534917624516,
      0.5845137240889964,
      0.14052092673475847
    ],
    [
      0.4425575900823314,
      0.26959383336735504,
      0.2878485765503135
    ],
    [
      0.2111248753515285,
      0.4198781602086285,
      0.36899696443984303
    ],
    [
      0.16755157294359177,
      0.8170614207931919,
      0.01538700626321639
    ],
    [
      0.3520692890962399,
      0.5169957032666139,
      0.1309350076371463
    ],
    [
      0.48767867224326567,
      0.17000746613374407,
      0.3423138616229902
    ],
    [
      0.32753473017659773,
      0.23242679361078467,
      0.44003847621261755
    ]
  ],
  "test_size": 16
}